<?xml version="1.0" encoding="UTF-8"?>
<configuration>

  <contextName>site</contextName>

  <appender name="ECSITE" class="ch.qos.logback.core.rolling.RollingFileAppender">
    <file>${rasada.log.location}/ec-site.log</file>
    <immediateFlush>true</immediateFlush>
    <rollingPolicy class="ch.qos.logback.core.rolling.TimeBasedRollingPolicy">
      <fileNamePattern>${rasada.log.location}/ec-site.%d</fileNamePattern>
      <maxHistory>30</maxHistory>
      <totalSizeCap>3GB</totalSizeCap>
    </rollingPolicy>
    <encoder>
      <pattern>%d{MMM-dd HH:mm:ss.SSS} [%contextName-%thread] %red(%-5level) %red(%logger{36}) - %msg%n</pattern>
    </encoder>
  </appender>

  <logger name="in.rasada.ec" level="debug" />
  <logger name="org.thymeleaf" level="info" />
  <logger name="org.springframework" level="info" />
  <logger name="org.springframework.security" level="debug" />
  <logger name="org.springframework.jdbc.core" level="debug" />
  <logger name="org.springframework.web.servlet.DispatcherServlet" level="debug" />
  <logger name="org.springframework.web.servlet.mvc.method.annotation.RequestMappingHandlerMapping" level="debug" />
  <logger name="org.springframework.web.servlet.mvc.method.annotation.ExceptionHandlerExceptionResolver" level="debug" />
  <logger name="org.springframework.web.servlet.mvc.annotation.ResponseStatusExceptionResolver" level="debug" />
  <logger name="org.springframework.web.servlet.mvc.support.DefaultHandlerExceptionResolver" level="debug" />
  <logger name="org.springframework.data.rest.webmvc.RepositoryRestHandlerMapping" level="debug" />
  <logger name="org.springframework.security.web.access" level="debug" />

  <root level="warn">
    <appender-ref ref="ECSITE" />
  </root>
 
</configuration>